Variant,MeanAccuracy,StdAccuracy,NumFeatures
AlphaBeta_only,0.380901937046005,0.204372688281768,28
AllBands_NoNorm,0.392554479418886,0.198204372559686,56
AllBands_SubjectNorm,0.810835351089588,0.113160272985871,56
