Band,TotalImportance
beta,22.0881344332929
theta,18.0950128642697
gamma,17.6720796786879
alpha,16.5661564503444
