Channel,TotalImportance
T8,6.66303168623689
P7,6.0073644610997
O2,5.65383886704863
F8,5.55227314785539
P8,5.46748498713085
F4,5.44888966386932
T7,5.41298507258238
FC5,5.30914485375068
O1,5.26797418135783
FC6,4.864131363247
F3,4.84267982265533
F7,4.67841788863246
AF4,4.67586433871782
AF3,4.57730309241072
