Method,MeanAccuracy,StdAccuracy,NumFolds
Random_5fold,0.584138683732239,0.0174626639419285,5
LeaveOneSubjectOut,0.476543583535109,0.0952699557804988,28
