Model,MeanAccuracy,StdAccuracy
SVM_linear_2548features,0.96951435388286,0.0057343990338343
