FilterOrder,MeanAccuracy,StdAccuracy
2,0.807506053268765,0.109966666908484
4,0.8037,0.1166
6,0.811894673123487,0.111276604898662
