Region,TotalImportance
Frontal,39.9487041711387
Temporal,12.0760167588193
Parietal,11.4748494482306
Occipital,10.9218130484065
