Region,AvgImportancePerChannel
Temporal,6.03800837940963
Parietal,5.73742472411528
Occipital,5.46090652420323
Frontal,4.99358802139234
