Test,tstat,df,pvalue
RF_vs_chance,25.1232032941138,27,2.92748235396811e-20
RF_vs_SVM,14.5500149674168,27,2.68375836866279e-14
