WindowSec,MeanAccuracy,StdAccuracy,NumWindows
3,0.780122655122655,0.125975971969278,11088
5,0.8037,0.1166,6608
10,0.839593596059113,0.104700259331808,3248
